<?xml version="1.0" encoding="UTF-8"?><rss version="2.0"
	xmlns:content="http://purl.org/rss/1.0/modules/content/"
	xmlns:wfw="http://wellformedweb.org/CommentAPI/"
	xmlns:dc="http://purl.org/dc/elements/1.1/"
	xmlns:atom="http://www.w3.org/2005/Atom"
	xmlns:sy="http://purl.org/rss/1.0/modules/syndication/"
	xmlns:slash="http://purl.org/rss/1.0/modules/slash/"
	>

<channel>
	<title>ReAlearning</title>
	<atom:link href="./index.html" rel="self" type="application/rss+xml" />
	<link>./../index.html</link>
	<description></description>
	<lastBuildDate>Mon, 28 Oct 2024 08:47:01 +0000</lastBuildDate>
	<language>en-US</language>
	<sy:updatePeriod>
	hourly	</sy:updatePeriod>
	<sy:updateFrequency>
	1	</sy:updateFrequency>
	<generator>https://wordpress.org/?v=6.6.2</generator>
	<item>
		<title>Crafting Captivating Headlines: Your awesome post title goes here</title>
		<link>./../post-1/index.html</link>
					<comments>./../post-1/index.html#respond</comments>
		
		<dc:creator><![CDATA[manishappu]]></dc:creator>
		<pubDate>Mon, 28 Oct 2024 08:46:58 +0000</pubDate>
				<category><![CDATA[General]]></category>
		<guid isPermaLink="false">./../2024/10/28/post-1/index.html</guid>

					<description><![CDATA[Engaging Introductions: Capturing Your Audience&#8217;s Interest The initial impression your blog post makes is crucial, and that&#8217;s where your introduction [&#8230;]]]></description>
										<content:encoded><![CDATA[
<h4 class="wp-block-heading">Engaging Introductions: Capturing Your Audience&#8217;s Interest</h4>



<p style="margin-bottom:var(--wp--preset--spacing--70)">The initial impression your blog post makes is crucial, and that&#8217;s where your introduction comes into play. Hook your readers with a captivating opening that sparks curiosity or emotion. Address their pain points or questions to establish a connection. Outline the purpose of your post and give a sneak peek into what they can expect. A well-crafted introduction sets the tone for an immersive reading experience.</p>



<h4 class="wp-block-heading">Crafting Informative and Cohesive Body Content</h4>



<p style="margin-bottom:var(--wp--preset--spacing--70)">Within the body of your blog post lies the heart of your message. Break down your content into coherent sections, each with a clear heading that guides readers through the narrative. Dive deep into each subtopic, providing valuable insights, data, and relatable examples. Maintain a logical flow between paragraphs using transitions, ensuring that each point naturally progresses to the next. By structuring your body content effectively, you keep readers engaged and eager to learn more.</p>



<h4 class="wp-block-heading">Powerful Closures: Leaving a Lasting Impression</h4>



<p>Concluding your blog post isn&#8217;t just about wrapping things up – it&#8217;s your final opportunity to leave a strong impact. Summarize the key takeaways from your post, reinforcing your main points. If relevant, provide actionable solutions or thought-provoking questions to keep readers thinking beyond the post. Encourage engagement by inviting comments, questions, or sharing. A well-crafted conclusion should linger in your readers&#8217; minds, inspiring them to explore further or apply what they&#8217;ve learned.</p>
]]></content:encoded>
					
					<wfw:commentRss>./../post-1/feed/index.html</wfw:commentRss>
			<slash:comments>0</slash:comments>
		
		
			</item>
		<item>
		<title>The Art of Drawing Readers In: Your attractive post title goes here</title>
		<link>./../post-2/index.html</link>
					<comments>./../post-2/index.html#respond</comments>
		
		<dc:creator><![CDATA[manishappu]]></dc:creator>
		<pubDate>Mon, 28 Oct 2024 08:46:58 +0000</pubDate>
				<category><![CDATA[General]]></category>
		<guid isPermaLink="false">./../2024/10/28/post-2/index.html</guid>

					<description><![CDATA[Engaging Introductions: Capturing Your Audience&#8217;s Interest The initial impression your blog post makes is crucial, and that&#8217;s where your introduction [&#8230;]]]></description>
										<content:encoded><![CDATA[
<h4 class="wp-block-heading">Engaging Introductions: Capturing Your Audience&#8217;s Interest</h4>



<p style="margin-bottom:var(--wp--preset--spacing--70)">The initial impression your blog post makes is crucial, and that&#8217;s where your introduction comes into play. Hook your readers with a captivating opening that sparks curiosity or emotion. Address their pain points or questions to establish a connection. Outline the purpose of your post and give a sneak peek into what they can expect. A well-crafted introduction sets the tone for an immersive reading experience.</p>



<h4 class="wp-block-heading">Crafting Informative and Cohesive Body Content</h4>



<p style="margin-bottom:var(--wp--preset--spacing--70)">Within the body of your blog post lies the heart of your message. Break down your content into coherent sections, each with a clear heading that guides readers through the narrative. Dive deep into each subtopic, providing valuable insights, data, and relatable examples. Maintain a logical flow between paragraphs using transitions, ensuring that each point naturally progresses to the next. By structuring your body content effectively, you keep readers engaged and eager to learn more.</p>



<h4 class="wp-block-heading">Powerful Closures: Leaving a Lasting Impression</h4>



<p>Concluding your blog post isn&#8217;t just about wrapping things up – it&#8217;s your final opportunity to leave a strong impact. Summarize the key takeaways from your post, reinforcing your main points. If relevant, provide actionable solutions or thought-provoking questions to keep readers thinking beyond the post. Encourage engagement by inviting comments, questions, or sharing. A well-crafted conclusion should linger in your readers&#8217; minds, inspiring them to explore further or apply what they&#8217;ve learned.</p>
]]></content:encoded>
					
					<wfw:commentRss>./../post-2/feed/index.html</wfw:commentRss>
			<slash:comments>0</slash:comments>
		
		
			</item>
		<item>
		<title>Mastering the First Impression: Your intriguing post title goes here</title>
		<link>./../post-3/index.html</link>
					<comments>./../post-3/index.html#respond</comments>
		
		<dc:creator><![CDATA[manishappu]]></dc:creator>
		<pubDate>Mon, 28 Oct 2024 08:46:58 +0000</pubDate>
				<category><![CDATA[General]]></category>
		<guid isPermaLink="false">./../2024/10/28/post-3/index.html</guid>

					<description><![CDATA[Engaging Introductions: Capturing Your Audience&#8217;s Interest The initial impression your blog post makes is crucial, and that&#8217;s where your introduction [&#8230;]]]></description>
										<content:encoded><![CDATA[
<h4 class="wp-block-heading">Engaging Introductions: Capturing Your Audience&#8217;s Interest</h4>



<p style="margin-bottom:var(--wp--preset--spacing--70)">The initial impression your blog post makes is crucial, and that&#8217;s where your introduction comes into play. Hook your readers with a captivating opening that sparks curiosity or emotion. Address their pain points or questions to establish a connection. Outline the purpose of your post and give a sneak peek into what they can expect. A well-crafted introduction sets the tone for an immersive reading experience.</p>



<h4 class="wp-block-heading">Crafting Informative and Cohesive Body Content</h4>



<p style="margin-bottom:var(--wp--preset--spacing--70)">Within the body of your blog post lies the heart of your message. Break down your content into coherent sections, each with a clear heading that guides readers through the narrative. Dive deep into each subtopic, providing valuable insights, data, and relatable examples. Maintain a logical flow between paragraphs using transitions, ensuring that each point naturally progresses to the next. By structuring your body content effectively, you keep readers engaged and eager to learn more.</p>



<h4 class="wp-block-heading">Powerful Closures: Leaving a Lasting Impression</h4>



<p>Concluding your blog post isn&#8217;t just about wrapping things up – it&#8217;s your final opportunity to leave a strong impact. Summarize the key takeaways from your post, reinforcing your main points. If relevant, provide actionable solutions or thought-provoking questions to keep readers thinking beyond the post. Encourage engagement by inviting comments, questions, or sharing. A well-crafted conclusion should linger in your readers&#8217; minds, inspiring them to explore further or apply what they&#8217;ve learned.</p>
]]></content:encoded>
					
					<wfw:commentRss>./../post-3/feed/index.html</wfw:commentRss>
			<slash:comments>0</slash:comments>
		
		
			</item>
		<item>
		<title>Hello world!</title>
		<link>./../hello-world/index.html</link>
					<comments>./../hello-world/index.html#comments</comments>
		
		<dc:creator><![CDATA[manishappu]]></dc:creator>
		<pubDate>Mon, 28 Oct 2024 08:28:48 +0000</pubDate>
				<category><![CDATA[Uncategorized]]></category>
		<guid isPermaLink="false">./../index.html?p=1</guid>

					<description><![CDATA[Welcome to WordPress. This is your first post. Edit or delete it, then start writing!]]></description>
										<content:encoded><![CDATA[
<p>Welcome to WordPress. This is your first post. Edit or delete it, then start writing!</p>
]]></content:encoded>
					
					<wfw:commentRss>./../hello-world/feed/index.html</wfw:commentRss>
			<slash:comments>1</slash:comments>
		
		
			</item>
	</channel>
</rss>
